date,posts,score_sum,score_mean,mentions_GME,mentions_AMC,mentions_BB
2020-09-29,1,4,4.0,0,0,0
2021-01-28,8447,1178729,139.54409849650764,2308,1467,782
2021-01-29,8938,7143183,799.1925486686059,2936,1093,574
2021-01-30,1044,6327616,6060.934865900384,410,92,45
2021-01-31,895,4894640,5468.871508379888,385,87,46
2021-02-01,1154,3521109,3051.2209705372616,400,120,59
2021-02-02,1963,1023295,521.2913907284768,576,179,34
2021-02-03,2098,2898501,1381.5543374642516,574,172,52
2021-02-04,1578,1186283,751.7636248415716,559,199,46
2021-02-05,2856,580750,203.34383753501402,1016,335,53
2021-02-06,2430,733095,301.68518518518516,796,260,57
2021-02-07,496,665523,1341.780241935484,203,44,19
2021-02-08,267,896246,3356.7265917602995,96,34,8
2021-02-09,163,843843,5176.950920245399,56,16,5
2021-02-10,193,598096,3098.943005181347,74,20,8
2021-02-11,174,559554,3215.8275862068967,39,13,10
2021-02-12,183,403190,2203.224043715847,33,10,4
2021-02-13,170,458143,2694.958823529412,48,9,9
2021-02-14,122,255197,2091.77868852459,28,4,3
2021-02-15,68,315877,4645.25,10,4,2
2021-02-16,98,374725,3823.7244897959185,20,8,2
2021-02-17,179,432653,2417.0558659217877,21,5,4
2021-02-18,251,813695,3241.812749003984,42,14,9
2021-02-19,341,1740408,5103.8357771261,55,8,1
2021-02-20,240,888773,3703.2208333333333,41,13,11
2021-02-21,160,547689,3423.05625,41,11,5
2021-02-22,136,508380,3738.0882352941176,15,3,2
2021-02-23,293,590982,2017.0034129692833,54,22,11
2021-02-24,224,474604,2118.7678571428573,28,11,5
2021-02-25,588,1968223,3347.3180272108843,83,30,4
2021-02-26,529,1540626,2912.336483931947,148,35,8
2021-02-27,278,736041,2647.6294964028775,77,16,5
2021-02-28,146,561530,3846.095890410959,45,11,0
2021-03-01,169,486579,2879.165680473373,52,15,2
2021-03-02,388,594208,1531.4639175257732,81,22,5
2021-03-03,565,645233,1142.0053097345133,129,24,5
2021-03-04,471,601444,1276.9511677282378,101,26,4
2021-03-05,435,506058,1163.3517241379311,96,25,10
2021-03-06,374,629369,1682.8048128342245,83,21,7
2021-03-07,138,380416,2756.6376811594205,41,9,2
2021-03-08,153,464581,3036.4771241830067,41,4,4
2021-03-09,353,1169099,3311.895184135977,86,12,6
2021-03-10,649,1218174,1877.0015408320494,178,40,7
2021-03-11,487,1112965,2285.3490759753595,151,41,4
2021-03-12,308,718884,2334.038961038961,79,16,2
2021-03-13,240,615852,2566.05,58,13,5
2021-03-14,156,1218136,7808.5641025641025,39,3,1
2021-03-15,103,506495,4917.42718446602,34,11,4
2021-03-16,246,867496,3526.4065040650407,70,32,6
2021-03-17,218,521365,2391.5825688073396,64,18,2
2021-03-18,247,554896,2246.5425101214573,52,14,4
2021-03-19,194,361097,1861.3247422680413,41,4,2
2021-03-20,123,266367,2165.5853658536585,29,8,1
2021-03-21,50,134777,2695.54,15,2,0
2021-03-22,72,268029,3722.625,11,5,0
2021-03-23,113,263024,2327.646017699115,21,6,0
2021-03-24,147,539557,3670.4557823129253,37,8,2
2021-03-25,262,582665,2223.912213740458,42,15,2
2021-03-26,206,508074,2466.378640776699,48,12,3
2021-03-27,111,258284,2326.8828828828828,21,4,2
2021-03-28,47,371559,7905.510638297872,10,0,2
2021-03-29,83,341942,4119.78313253012,11,7,3
2021-03-30,94,206851,2200.5425531914893,8,2,2
2021-03-31,89,158206,1777.5955056179776,6,2,9
2021-04-01,132,216069,1636.8863636363637,21,2,11
2021-04-02,79,283875,3593.3544303797466,9,2,2
2021-04-03,30,50852,1695.0666666666666,5,2,0
2021-04-04,9,107109,11901.0,2,1,1
2021-04-05,58,142671,2459.844827586207,9,5,0
2021-04-06,68,121764,1790.6470588235295,6,1,2
2021-04-07,65,155011,2384.7846153846153,9,0,2
2021-04-08,69,178749,2590.5652173913045,9,1,0
2021-04-09,108,182705,1691.712962962963,19,1,2
2021-04-10,76,228381,3005.0131578947367,19,1,0
2021-04-11,30,135074,4502.466666666666,4,2,0
2021-04-12,54,132933,2461.722222222222,9,2,1
2021-04-13,113,226350,2003.0973451327434,15,10,2
2021-04-14,116,264879,2283.439655172414,13,1,2
2021-04-15,95,143854,1514.2526315789473,13,6,0
2021-04-16,67,113223,1689.8955223880596,6,2,0
2021-04-17,80,314581,3932.2625,12,2,2
2021-04-18,25,155139,6205.56,3,2,0
2021-04-19,29,28769,992.0344827586207,3,3,0
2021-04-20,72,115187,1599.8194444444443,6,0,3
2021-04-21,59,49596,840.6101694915254,5,2,1
2021-04-22,60,109119,1818.65,2,1,0
2021-04-23,48,136312,2839.8333333333335,4,3,1
2021-04-24,53,124418,2347.509433962264,3,2,0
2021-04-25,17,104248,6132.235294117647,1,1,1
2021-04-26,40,110528,2763.2,3,0,0
2021-04-27,119,262635,2207.016806722689,13,3,0
2021-04-28,77,86409,1122.1948051948052,2,7,1
2021-04-29,86,123987,1441.7093023255813,5,1,2
2021-04-30,54,72618,1344.7777777777778,4,1,2
2021-05-01,38,8724,229.57894736842104,2,0,1
2021-05-05,58,88265,1521.8103448275863,1,2,0
2021-05-06,185,179444,969.9675675675676,12,5,4
2021-05-07,169,227355,1345.2958579881656,21,10,3
2021-05-08,103,87008,844.7378640776699,8,4,2
2021-05-09,45,49267,1094.8222222222223,5,2,0
2021-05-10,62,101859,1642.8870967741937,7,1,0
2021-05-11,127,156962,1235.9212598425197,4,1,0
2021-05-12,98,163127,1664.561224489796,6,4,1
2021-05-13,100,131732,1317.32,4,2,0
2021-05-14,122,141304,1158.2295081967213,11,13,2
2021-05-15,54,33594,622.1111111111111,7,3,1
2021-05-16,22,34356,1561.6363636363637,2,1,0
2021-05-17,37,89929,2430.5135135135133,2,1,0
2021-05-18,68,119896,1763.1764705882354,4,6,0
2021-05-19,60,98977,1649.6166666666666,7,6,1
2021-05-20,67,76069,1135.358208955224,1,3,0
2021-05-21,81,67468,832.9382716049382,2,2,1
2021-05-22,66,91039,1379.378787878788,5,2,1
2021-05-23,48,26932,561.0833333333334,3,2,0
2021-05-24,54,38484,712.6666666666666,4,2,0
2021-05-25,83,92401,1113.2650602409637,4,2,2
2021-05-26,105,159047,1514.7333333333333,12,15,3
2021-05-27,133,221965,1668.9097744360902,14,13,6
2021-05-28,157,93489,595.4713375796179,6,35,10
2021-05-29,44,53032,1205.2727272727273,2,15,1
2021-05-30,35,79511,2271.7428571428572,8,9,4
2021-05-31,27,156699,5803.666666666667,2,2,2
2021-06-01,30,42449,1414.9666666666667,2,5,2
2021-06-10,294,154932,526.9795918367347,28,25,24
2021-06-11,345,138265,400.768115942029,26,40,21
2021-06-12,182,52297,287.34615384615387,13,19,12
2021-06-15,127,86182,678.5984251968504,7,12,6
2021-06-16,186,84415,453.8440860215054,13,18,4
2021-06-17,181,101995,563.5082872928177,8,16,5
2021-06-18,160,111540,697.125,6,18,7
2021-06-19,106,55978,528.0943396226415,3,8,4
2021-06-20,50,70143,1402.86,5,8,1
2021-06-21,78,77594,994.7948717948718,5,7,2
2021-06-22,154,125052,812.025974025974,7,10,9
2021-06-23,188,107650,572.6063829787234,8,9,7
2021-06-24,167,65336,391.23353293413174,7,7,5
2021-06-25,127,66494,523.5748031496063,7,5,5
2021-06-26,93,14793,159.06451612903226,5,6,3
2021-06-28,32,13195,412.34375,1,2,1
2021-06-29,198,157397,794.9343434343434,6,11,6
2021-06-30,72,51074,709.3611111111111,2,2,3
2021-07-01,147,32442,220.69387755102042,3,6,2
2021-07-02,113,87506,774.3893805309734,5,7,3
2021-07-03,67,61894,923.7910447761194,2,4,1
2021-07-04,38,93951,2472.3947368421054,2,4,1
2021-07-05,34,40134,1180.4117647058824,2,2,1
2021-07-06,87,46734,537.1724137931035,7,4,2
2021-07-07,40,41936,1048.4,1,3,1
2021-07-08,87,54071,621.5057471264367,3,6,1
2021-07-09,80,84067,1050.8375,2,3,0
2021-07-10,48,78082,1626.7083333333333,4,3,1
2021-07-11,26,16984,653.2307692307693,3,3,1
2021-07-12,41,61138,1491.1707317073171,3,4,1
2021-07-13,83,43683,526.3012048192771,1,3,2
2021-07-14,75,85024,1133.6533333333334,4,4,2
2021-07-15,112,68687,613.2767857142857,15,15,4
2021-07-16,83,91589,1103.4819277108434,5,5,2
2021-07-17,55,60573,1101.3272727272727,2,2,1
2021-07-18,25,40421,1616.84,1,0,0
2021-07-19,50,65032,1300.64,4,5,0
2021-07-20,45,16123,358.2888888888889,0,1,1
2021-08-02,29,67612,2331.448275862069,2,1,0
2021-08-03,64,16862,263.46875,5,1,2
2021-08-04,92,41453,450.57608695652175,4,3,0
2021-08-05,99,73135,738.7373737373738,6,6,1
2021-08-06,82,54037,658.9878048780488,1,3,0
2021-08-07,35,65920,1883.4285714285713,1,4,0
2021-08-08,41,65321,1593.1951219512196,0,1,0
2021-08-09,61,68171,1117.5573770491803,2,3,0
2021-08-10,52,27385,526.6346153846154,0,4,0
2021-08-11,96,65106,678.1875,2,1,2
2021-08-12,83,56818,684.5542168674699,2,0,1
2021-08-13,58,38242,659.3448275862069,2,1,1
2021-08-14,29,38352,1322.4827586206898,1,1,0
2021-08-15,19,25098,1320.9473684210527,0,1,0
2021-08-16,11,727,66.0909090909091,0,1,0
